DATE,Value,Quality,Momentum
1963-01-07,-0.0097,0.0068,0.0101
1963-01-08,0.018,0.0036,0.01
1963-01-09,0.0013,-0.0070999999999999,0.0012
1963-01-10,-0.001,0.0279999999999999,0.0313
1963-01-11,0.0175,-0.0051,-0.0078
1963-01-12,-0.0002,0.0003,0.0184
1964-01-01,0.0148,0.0017,0.0102
1964-01-02,0.0281,-0.0005,0.0033
1964-01-03,0.034,-0.0220999999999999,0.0069
1964-01-04,-0.0067,-0.0127,-0.0064
1964-01-05,0.0186,-0.0016,0.0253
1964-01-06,0.0062,-0.0028,0.0046999999999999
1964-01-07,0.0075,0.0008,-0.0038
1964-01-08,0.0008,0.0012,-0.0025
1964-01-09,0.017,-0.0056,-0.0039
1964-01-10,0.0116999999999999,-0.0043,0.0019
1964-01-11,-0.0196,0.0063,0.011
1964-01-12,-0.0248,0.0107,-0.0069
1965-01-01,0.0012,0.0091,-0.0138
1965-01-02,0.0011,0.0023,0.0024
1965-01-03,0.0103,-0.0032,0.0017
1965-01-04,0.0066,0.003,0.0253
1965-01-05,-0.0161,-0.0045,0.0055
1965-01-06,0.0059,0.0022,-0.0318
1965-01-07,0.022,-0.0137,0.0409
1965-01-08,-0.01,0.019,0.0258
1965-01-09,-0.0013,-0.0089,0.0329
1965-01-10,0.0156,0.0116999999999999,0.0345
1965-01-11,0.0015,-0.0101,0.044
1965-01-12,0.0203,-0.0113999999999999,-0.001
1966-01-01,0.0356,-0.0282,0.0528
1966-01-02,0.0033,-0.0017,0.0458
1966-01-03,-0.0197999999999999,0.013,0.0147
1966-01-04,-0.0046,0.0039,0.0588
1966-01-05,-0.0163,0.0163999999999999,-0.0471
1966-01-06,0.005,0.0015,0.0323
1966-01-07,0.0095,-0.0036,-0.013
1966-01-08,0.0043,-0.0009,-0.0220999999999999
1966-01-09,0.0056,-0.0168,-0.0186
1966-01-10,0.0269,-0.0348,-0.052
1966-01-11,-0.0469,0.0412999999999999,0.0573
1966-01-12,-0.0118999999999999,0.0069999999999999,0.0098999999999999
1967-01-01,0.0227,0.0096,-0.07
1967-01-02,-0.0222,0.0199,0.0351
1967-01-03,0.0037,0.0086,0.0139
1967-01-04,-0.0248,0.0233,0.0052
1967-01-05,0.0109,-0.0173,0.0066
1967-01-06,0.0085,-0.0062,0.0601
1967-01-07,0.0273,0.0048,-0.011
1967-01-08,0.0144,0.003,-0.0132
1967-01-09,-0.025,0.002,0.0239
1967-01-10,-0.033,0.0101,0.0368
1967-01-11,-0.017,0.0134,0.0121999999999999
1967-01-12,-0.0053,-0.0081,0.032
1968-01-01,0.048,-0.0462,-0.0446
1968-01-02,0.0128,-0.0016,-0.0334
1968-01-03,-0.0059,0.0105,0.0319
1968-01-04,-0.0113,0.0269,0.0511
1968-01-05,0.0085,0.0043,0.0375
1968-01-06,0.0073,-0.0141,-0.0209
1968-01-07,0.0538999999999999,-0.0313,-0.0089
1968-01-08,0.0101,-0.0069999999999999,0.019
1968-01-09,0.003,-0.0199,-0.0064
1968-01-10,0.0286,-0.0132,-0.0146
1968-01-11,-0.0092,0.0043,0.0174
1968-01-12,-0.0001,-0.0186,0.0032
1969-01-01,0.0167,-0.0155,-0.0015
1969-01-02,0.0091,0.0207,-0.0255
1969-01-03,-0.0051,-0.0143,0.0406
1969-01-04,-0.0003,0.0040999999999999,0.0124
1969-01-05,0.0069999999999999,-0.0095,0.0181
1969-01-06,-0.0108,0.0432,-0.0231
1969-01-07,0.012,0.0148,0.0182
1969-01-08,-0.0379,0.0113,0.0214
1969-01-09,-0.0327,0.0339,0.0243
1969-01-10,-0.0316,0.0005,-0.0436
1969-01-11,-0.0118999999999999,0.0146,0.0366999999999999
1969-01-12,-0.0286,0.0254,0.0527
1970-01-01,0.0313,-0.0172,0.0056
1970-01-02,0.0393,-0.0229,0.0027
1970-01-03,0.0399,-0.01,-0.0036
1970-01-04,0.0617999999999999,-0.0064,-0.0083
1970-01-05,0.0333,-0.0121,-0.0266
1970-01-06,0.006,0.0013,0.0564
1970-01-07,0.009,-0.0026,-0.0312
1970-01-08,0.0115,0.0056,-0.0668
1970-01-09,-0.0547,0.003,-0.0864
1970-01-10,0.0022,0.0171,0.0944999999999999
1970-01-11,0.0169,0.0157,0.0259
1970-01-12,0.01,0.0027,-0.023
1971-01-01,0.0133,-0.0199,-0.0686
1971-01-02,-0.0123,0.0062,0.0081999999999999
1971-01-03,-0.0395,0.0182,-0.0139999999999999
1971-01-04,0.0069,-0.0147,0.0136
1971-01-05,-0.0144,0.0139999999999999,0.0093
1971-01-06,-0.0187,0.0153,0.0269
1971-01-07,0.0002,0.0064,-0.0232
1971-01-08,0.0263,-0.0043,0.0344
1971-01-09,-0.0291,0.0256,0.021
1971-01-10,-0.0048,0.0162,0.005
1971-01-11,-0.0168,0.0243999999999999,0.0151
1971-01-12,-0.004,-0.004,-0.0062
1972-01-01,0.0224,-0.0169,0.0007
1972-01-02,-0.0279,0.0161,0.0253
1972-01-03,-0.0161,0.0163,0.0294
1972-01-04,0.0012,-0.0042,0.0279
1972-01-05,-0.027,0.0233999999999999,0.0333
1972-01-06,-0.0248,0.0187999999999999,0.019
1972-01-07,0.0066,0.0113999999999999,0.0268
1972-01-08,0.0454,-0.0196,-0.0536
1972-01-09,0.0046,0.0168,0.0183
1972-01-10,0.0134,-0.0015,0.0069999999999999
1972-01-11,0.0484999999999999,-0.0195,-0.0508
1972-01-12,-0.0219,0.026,0.0495
1973-01-01,0.0268,0.0042,0.038
1973-01-02,0.016,-0.0026,0.0222
1973-01-03,0.0262,-0.0107,0.0355
1973-01-04,0.0541,-0.0158,0.0635
1973-01-05,0.0040999999999999,0.0195,0.0719
1973-01-06,0.012,-0.0021,0.0433
1973-01-07,-0.0530999999999999,-0.0005,-0.1167
1973-01-08,0.0124,-0.0131,0.0359
1973-01-09,0.0200999999999999,-0.0233,-0.0698
1973-01-10,0.0194,-0.019,0.0678
1973-01-11,0.0387,-0.0263,0.0892999999999999
1973-01-12,0.0385,-0.0278,0.1016
1974-01-01,0.0602,-0.0306999999999999,-0.0892
1974-01-02,0.0281,-0.0187,0.0037
1974-01-03,-0.0032,0.0279999999999999,-0.01
1974-01-04,0.0085,0.0287,0.0206
1974-01-05,-0.0202,0.0495,-0.0029
1974-01-06,0.0077,0.0056999999999999,0.0232
1974-01-07,0.0516,-0.0325,0.03
1974-01-08,0.0264,-0.0028,0.0302999999999999
1974-01-09,0.0558,-0.0444,0.0424
1974-01-10,-0.0987,-0.0021,-0.0053
1974-01-11,-0.002,-0.0337,0.022
1974-01-12,0.0011,-0.0068,0.0298
1975-01-01,0.0828,-0.0078,-0.138
1975-01-02,-0.0445,0.0116,-0.0058
1975-01-03,0.0237999999999999,0.0126,-0.0207
1975-01-04,-0.0113999999999999,0.0141,0.0151
1975-01-05,-0.0409999999999999,-0.0098,-0.0058
1975-01-06,0.0138,-0.0266,-0.0004
1975-01-07,0.0169,0.0046,0.0034
1975-01-08,-0.0095,0.0111,-0.0016
1975-01-09,0.0039,0.0053,0.004
1975-01-10,0.0028,-0.0049,-0.0022
1975-01-11,0.0203,-0.0068,-0.005
1975-01-12,0.0169,-0.0009,-0.001
1976-01-01,0.0863,-0.0179,0.0437
1976-01-02,0.0587,-0.0264,0.0038
1976-01-03,-0.0012,-0.0033,0.0022
1976-01-04,-0.0016,0.004,0.0053
1976-01-05,-0.0136,0.0246,-0.0107
1976-01-06,0.0070999999999999,-0.0068,-0.0044
1976-01-07,0.0173,-0.0105,-0.0015
1976-01-08,0.0081,-0.0042,-0.0078
1976-01-09,-0.0029,0.0098,0.002
1976-01-10,-0.0018,-0.0019,-0.0043
1976-01-11,0.0151,-0.0141,0.0282
1976-01-12,0.0227,-0.0060999999999999,0.0073
1977-01-01,0.0426999999999999,-0.0051,0.0405
1977-01-02,0.0046999999999999,-0.0016,0.0034
1977-01-03,0.0109,-0.003,0.0068
1977-01-04,0.0338,-0.0200999999999999,0.0419
1977-01-05,0.0085,0.0033,0.0200999999999999
1977-01-06,-0.0074,0.0091,0.016
1977-01-07,-0.0056,0.0073,0.0038
1977-01-08,-0.027,0.0098,-0.0163
1977-01-09,-0.0052,0.0143,0.021
1977-01-10,0.0175,-0.002,-0.0012
1977-01-11,0.0026,-0.0013,0.0214
1977-01-12,-0.0029,0.0092,0.0159
1978-01-01,0.0336,-0.0172,-0.0058
1978-01-02,0.0083,0.003,0.0196
1978-01-03,0.0118,-0.0059,0.0144999999999999
1978-01-04,-0.0354,0.0281,0.0049
1978-01-05,-0.0052,0.0022,0.0277
1978-01-06,0.0056999999999999,-0.0139999999999999,0.0278
1978-01-07,-0.0115,0.0155,0.0419
1978-01-08,-0.0051,0.0143,0.03
1978-01-09,0.0189,-0.0067,-0.032
1978-01-10,0.0138,0.0012,-0.0842
1978-01-11,-0.0215,0.0113,0.0545
1978-01-12,-0.0213,0.0200999999999999,0.0301
1979-01-01,0.0219,-0.0247,-0.0143
1979-01-02,0.0116999999999999,-0.0112,-0.0098999999999999
1979-01-03,-0.0070999999999999,0.0053,0.0291
1979-01-04,0.0112,0.0108,0.0087
1979-01-05,0.0131,-0.0154,-0.0055
1979-01-06,0.0144,-0.0166,0.0077
1979-01-07,0.0186,-0.0029,-0.0107
1979-01-08,-0.0158,0.0162,-0.0029
1979-01-09,-0.009,0.0101,0.0528
1979-01-10,-0.0184,0.0101,0.0204
1979-01-11,-0.0329,0.0006,0.0803
1979-01-12,-0.021,-0.0069999999999999,0.0472
1980-01-01,0.0175,-0.017,0.0745
1980-01-02,0.0060999999999999,0.0004,0.0789
1980-01-03,-0.0101,0.0146,-0.0958
1980-01-04,0.0106,-0.021,-0.0048
1980-01-05,0.0038,0.0034,-0.0118
1980-01-06,-0.0076,-0.0015,0.0158
1980-01-07,-0.0641,0.0406,0.0029
1980-01-08,-0.026,0.0206,0.0306
1980-01-09,-0.0458999999999999,0.0191,0.0542999999999999
1980-01-10,-0.0276,0.0165,0.0713
1980-01-11,-0.0833,0.045,0.1515
1980-01-12,0.0279,-0.0129,-0.0670999999999999
1981-01-01,0.0672,-0.0351,-0.0782
1981-01-02,0.0102,0.0021,-0.0135
1981-01-03,0.0064,-0.0224,0.0081999999999999
1981-01-04,0.0227999999999999,0.0083,-0.0108
1981-01-05,-0.0042,0.003,0.0356
1981-01-06,0.0513,-0.0137,-0.0567
1981-01-07,-0.005,0.0126,-0.0243999999999999
1981-01-08,0.0475999999999999,-0.0032,-0.011
1981-01-09,0.0516999999999999,0.0008,0.0213
1981-01-10,-0.0421,0.0315,0.0383
1981-01-11,0.0183,0.0008,-0.0021
1981-01-12,0.0081,0.0022,0.0128
1982-01-01,0.0319,-0.0149,0.0177
1982-01-02,0.0605,-0.0348,0.0487
1982-01-03,0.0381,-0.0138,0.0289999999999999
1982-01-04,-0.027,0.0157,-0.0046
1982-01-05,0.0175,0.0087,0.0250999999999999
1982-01-06,0.0153,0.0001,0.0489
1982-01-07,0.0009,0.0104,0.044
1982-01-08,0.0095,-0.0189,-0.036
1982-01-09,0.0028,0.0214,0.0414
1982-01-10,-0.0366,0.0029,0.0001
1982-01-11,-0.0187,-0.0097,0.0592
1982-01-12,-0.0002,-0.0001,-0.0002
1983-01-01,-0.0075,-0.0155,-0.0163
1983-01-02,0.0069999999999999,-0.0052,0.0369
1983-01-03,0.0202,-0.0017,0.0088
1983-01-04,0.0049,-0.0011,0.0163
1983-01-05,-0.0139999999999999,-0.0184,-0.0155
1983-01-06,-0.039,0.026,0.0183
1983-01-07,0.0562,-0.0014,-0.0308
1983-01-08,0.0554,0.0051,-0.0538
1983-01-09,0.0101,0.0124,-0.0001
1983-01-10,0.0496999999999999,-0.0077,-0.0446
1983-01-11,-0.0072,-0.0067,-0.0014
1983-01-12,0.0173,0.0163999999999999,0.0081
1984-01-01,0.0758,-0.0089,-0.0256999999999999
1984-01-02,0.0333,0.009,0.0045
1984-01-03,0.0046,-0.0096,0.0109
1984-01-04,0.012,0.0334,0.0214
1984-01-05,0.0031,0.0236,0.0154
1984-01-06,-0.0266,0.0317,-0.0053
1984-01-07,0.0036,0.0355,0.0277
1984-01-08,-0.0182,-0.0068,-0.0562
1984-01-09,0.0528,0.0137,0.0366
1984-01-10,0.0045,0.0118,0.0327999999999999
1984-01-11,0.0406,0.0072,0.0156
1984-01-12,-0.0026,0.0131,0.0146
1985-01-01,-0.0535,-0.0089,-0.0682
1985-01-02,-0.001,0.0129,0.019
1985-01-03,0.0407,0.0123,0.0178
1985-01-04,0.0372,0.0155,0.0295
1985-01-05,-0.0096,0.0133,0.0405
1985-01-06,0.0038,0.0176,0.0337
1985-01-07,-0.0162,-0.0042,-0.0369
1985-01-08,0.0232,-0.001,0.0177
1985-01-09,0.0129,0.0113999999999999,0.016
1985-01-10,0.0075,0.0089,0.0487
1985-01-11,-0.0285,0.0033,-0.0055
1985-01-12,-0.0154,0.0098999999999999,-0.0023
1986-01-01,0.0044,-0.02,0.0295
1986-01-02,-0.0072,0.0106,0.0256
1986-01-03,-0.0039,0.0121,0.0237999999999999
1986-01-04,-0.0287,0.0291,-0.0034999999999999
1986-01-05,-0.0021,0.0213,0.0206
1986-01-06,0.0128,0.018,0.0494
1986-01-07,0.047,-0.0054,0.0189
1986-01-08,0.0351,-0.0166,-0.0516999999999999
1986-01-09,0.0322,-0.0008,-0.0567999999999999
1986-01-10,-0.0141999999999999,-0.0005,0.0448
1986-01-11,-0.0007,0.0109,-0.0027
1986-01-12,0.0036,0.0079,0.0045
1987-01-01,-0.0316,0.0017,0.0203
1987-01-02,-0.0591,-0.0076,-0.0222
1987-01-03,0.0161,0.0136,0.0166
1987-01-04,-0.0039,-0.0049,0.002
1987-01-05,0.0023,0.0051,-0.0077
1987-01-06,0.0104,0.017,-0.0022
1987-01-07,0.0068,-0.0060999999999999,0.0256999999999999
1987-01-08,-0.0093,0.0204,-0.0095
1987-01-09,0.0027,-0.0097,0.008
1987-01-10,0.0424,0.0204,-0.0775
1987-01-11,0.0295,-0.0187999999999999,-0.0121
1987-01-12,-0.0443,0.0296,0.0588
1988-01-01,0.0501,-0.0113999999999999,-0.0735
1988-01-02,-0.0171,0.0156,-0.0144999999999999
1988-01-03,0.0073,-0.0025,0.0060999999999999
1988-01-04,0.0167,-0.002,0.022
1988-01-05,0.0242,-0.0074,0.0066
1988-01-06,-0.0124,0.0147,-0.0302
1988-01-07,0.0222,-0.0058,0.0066
1988-01-08,0.0215,-0.0081999999999999,0.0036
1988-01-09,-0.0075,0.0176,0.0029
1988-01-10,0.0204999999999999,0.013,0.013
1988-01-11,0.0141,-0.0028,0.0018
1988-01-12,-0.0169,0.0069,0.0031
1989-01-01,0.006,-0.0095,-0.0025
1989-01-02,0.0101,-0.0087,0.0098999999999999
1989-01-03,0.0058,0.0005,0.0351
1989-01-04,-0.0141999999999999,0.0070999999999999,0.0171
1989-01-05,-0.0088,0.0049,0.0141999999999999
1989-01-06,0.0225,0.0027,0.004
1989-01-07,-0.0279,0.0197999999999999,0.0532
1989-01-08,0.006,0.0039,-0.0049
1989-01-09,-0.0127,0.0139999999999999,0.0351
1989-01-10,-0.0111,0.0011,0.0135
1989-01-11,-0.0109,-0.0086,0.027
1989-01-12,0.0016,-0.0007,0.0279
1990-01-01,0.0085,-0.0116999999999999,-0.0298
1990-01-02,0.0064,-0.0003,-0.0051
1990-01-03,-0.0292,0.0204,0.0172
1990-01-04,-0.0259,0.0178,0.0227999999999999
1990-01-05,-0.0383,0.0157,0.0314
1990-01-06,-0.0192999999999999,-0.0103,0.0249
1990-01-07,-0.0003,-0.0018,0.0604
1990-01-08,0.0163999999999999,-0.0034999999999999,0.0197
1990-01-09,0.0064,0.0006,0.0571
1990-01-10,0.001,0.0297,0.0674
1990-01-11,-0.031,0.0065,-0.0536
1990-01-12,-0.017,0.0273,0.0025
1991-01-01,-0.016,0.0128,-0.0647
1991-01-02,-0.0058,-0.002,-0.0494
1991-01-03,-0.0139,-0.0053,0.0271
1991-01-04,0.015,0.0062,-0.0232
1991-01-05,-0.0052,0.02,-0.0009
1991-01-06,0.0115,0.0179,0.0042
1991-01-07,-0.0132,0.016,0.0426
1991-01-08,-0.0078,0.0084,0.0158
1991-01-09,-0.0108,-0.0182,0.0175
1991-01-10,-0.0046999999999999,-0.017,0.0318
1991-01-11,-0.0189,0.0111,0.0118
1991-01-12,-0.0417,0.0355,0.0828999999999999
1992-01-01,0.0471,-0.0132,-0.025
1992-01-02,0.0647,0.0008,-0.0069999999999999
1992-01-03,0.0356,-0.0001,-0.0021
1992-01-04,0.0434,0.0169,-0.0255
1992-01-05,0.0118999999999999,-0.0095,0.0006
1992-01-06,0.0324,-0.0005,-0.0056999999999999
1992-01-07,-0.0056,0.013,0.0147
1992-01-08,-0.011,0.0372,-0.0046999999999999
1992-01-09,-0.0026,0.0163999999999999,0.0144
1992-01-10,-0.0197999999999999,0.0124,0.025
1992-01-11,-0.0135,-0.0068,-0.0025
1992-01-12,0.0262,-0.0048,0.0433
1993-01-01,0.0594,-0.0184,0.0484999999999999
1993-01-02,0.0642,-0.0042,0.0318
1993-01-03,0.0118,-0.0015,0.037
1993-01-04,0.0249,-0.0361,0.0036
1993-01-05,-0.0342,-0.0012,0.0021
1993-01-06,0.0275,-0.0092,0.0457
1993-01-07,0.0285,-0.0187,0.0322
1993-01-08,0.0013,-0.0154,0.0254
1993-01-09,-0.0031,0.0024,0.0339
1993-01-10,-0.0276,0.0056999999999999,-0.0266999999999999
1993-01-11,-0.0074,0.0223,-0.0476999999999999
1993-01-12,0.0032,0.0116,0.0233
1994-01-01,0.0115,-0.0166,0.0011
1994-01-02,-0.0154,0.0214,-0.0034
1994-01-03,0.016,0.0069,-0.0132
1994-01-04,0.0166,0.0107,0.0033
1994-01-05,0.0067,0.006,-0.0204999999999999
1994-01-06,0.0167,0.0121,-0.009
1994-01-07,0.0058,-0.0065,0.0011
1994-01-08,-0.0250999999999999,0.0095,0.0154
1994-01-09,-0.0189,0.0052,0.0132
1994-01-10,-0.0162,0.0023,0.0131
1994-01-11,-0.0069999999999999,0.0042,-0.0012
1994-01-12,-0.0013,0.0037,0.0345
1995-01-01,0.0256999999999999,0.0017,-0.0184
1995-01-02,0.0108,0.0059,-0.0046999999999999
1995-01-03,-0.0215,-0.0017,0.0045
1995-01-04,0.0171,0.0040999999999999,0.018
1995-01-05,0.0229,0.0039,-0.0055
1995-01-06,-0.0254,-0.0033,0.0301
1995-01-07,-0.0162,0.003,0.026
1995-01-08,0.0279,-0.0124,0.0005
1995-01-09,-0.0004,0.0103,0.0286
1995-01-10,-0.005,0.0191,0.0417
1995-01-11,0.0051,-0.0062,-0.0072
1995-01-12,0.0022,-0.0137,0.0248
1996-01-01,0.0038,0.0018,0.0056999999999999
1996-01-02,-0.0108,0.0024,0.0056999999999999
1996-01-03,0.0034999999999999,0.0141999999999999,-0.0185
1996-01-04,-0.0401999999999999,-0.0014,-0.0093999999999999
1996-01-05,-0.0083,0.0012,0.0162
1996-01-06,0.0235,0.0351,0.0102
1996-01-07,0.0513999999999999,0.0295,-0.0015
1996-01-08,-0.0074,-0.0037,-0.0002
1996-01-09,-0.0272,0.0127,0.0266999999999999
1996-01-10,0.0494,0.0139999999999999,0.0372
1996-01-11,0.0139,0.0212,-0.0235
1996-01-12,0.0131,0.0037,0.0053
1997-01-01,-0.0141999999999999,0.0118999999999999,0.0187
1997-01-02,0.0567,0.0067,-0.0218
1997-01-03,0.0339,0.005,0.0088
1997-01-04,0.0007,0.0326,0.0483
1997-01-05,-0.0412999999999999,-0.0102,-0.0519
1997-01-06,0.0158,0.0056,0.0259
1997-01-07,0.0026,0.0007,0.037
1997-01-08,0.0118,-0.0111,-0.0256999999999999
1997-01-09,0.0037,-0.0163,0.0146
1997-01-10,0.0227,0.01,-0.0053
1997-01-11,0.012,0.0281,0.0038
1997-01-12,0.0384,0.0074,0.0391
1998-01-01,-0.0163,0.0087,0.0005
1998-01-02,-0.0085,-0.0031,-0.0118999999999999
1998-01-03,0.0139,-0.0026,0.0213
1998-01-04,0.0093999999999999,-0.0169,0.0076
1998-01-05,0.0344,0.011,0.0191
1998-01-06,-0.0196,-0.0026,0.0726
1998-01-07,-0.0178,0.0174,0.0379
1998-01-08,0.0353,0.0337,0.019
1998-01-09,-0.0342,-0.0187999999999999,-0.0065
1998-01-10,-0.0223,0.0093,-0.0533
1998-01-11,-0.0325,-0.0086,0.0113
1998-01-12,-0.0419,-0.0076,0.0886999999999999
1999-01-01,-0.046,-0.0277,0.0283999999999999
1999-01-02,0.0192,-0.0123,-0.0014
1999-01-03,-0.0274,-0.0407,-0.0121
1999-01-04,0.0246,-0.0253,-0.0898
1999-01-05,0.0235,0.0093,-0.0525
1999-01-06,-0.0319,0.0113,0.0466
1999-01-07,-0.0044,0.0036,0.017
1999-01-08,-0.0187,-0.0024,0.0298
1999-01-09,-0.0349,-0.0075,0.0638
1999-01-10,-0.0337,-0.0174,0.0545
1999-01-11,-0.0612,-0.0428,0.0549
1999-01-12,-0.0833,-0.076,0.1314
2000-01-01,-0.0187999999999999,-0.0629,0.0186
2000-01-02,-0.0959,-0.1865,0.1802
2000-01-03,0.0813,0.1178999999999999,-0.0684999999999999
2000-01-04,0.0726,0.0766,-0.086
2000-01-05,0.0475,0.0412999999999999,-0.0899
2000-01-06,-0.0842,-0.0831,0.1663
2000-01-07,0.0831,0.0583,-0.0016
2000-01-08,-0.0139,-0.0322,0.0559
2000-01-09,0.0717,0.0256,0.0189
2000-01-10,0.0571,0.0960999999999999,-0.0455999999999999
2000-01-11,0.123,0.1307,-0.0217
2000-01-12,0.0761,0.0171,0.0659
2001-01-01,-0.0507,-0.0469,-0.2535
2001-01-02,0.1247,0.091,0.126
2001-01-03,0.0642,0.0335,0.0865
2001-01-04,-0.0467,-0.0306,-0.0801
2001-01-05,0.0336,0.0025,0.0215
2001-01-06,-0.0112,0.016,0.0062
2001-01-07,0.0521,0.0742,0.0548
2001-01-08,0.0231,0.0405,0.0546
2001-01-09,0.0144999999999999,0.0499,0.1138
2001-01-10,-0.0765,-0.0298,-0.0832
2001-01-11,0.0220999999999999,-0.0373,-0.0861
2001-01-12,0.0084,0.0034,0.0002
2002-01-01,0.0344,0.0469,0.0365
2002-01-02,0.0216,0.0807,0.0683
2002-01-03,0.0106,-0.0178,-0.0169
2002-01-04,0.0388,0.0455999999999999,0.077
2002-01-05,0.0153,0.0236,0.0308999999999999
2002-01-06,-0.0005,0.0393,0.0624
2002-01-07,-0.0385,0.0379,0.0363
2002-01-08,0.0327999999999999,0.0136,0.0187
2002-01-09,0.0144999999999999,0.0327999999999999,0.0917999999999999
2002-01-10,-0.0394,-0.0339,-0.0558
2002-01-11,-0.0126,-0.0922,-0.1643
2002-01-12,0.0214,0.063,0.0972
2003-01-01,-0.0081,-0.0097,0.0159
2003-01-02,-0.0137,0.0084,0.0121
2003-01-03,-0.0194,0.0186,0.0139999999999999
2003-01-04,0.0115,-0.0467,-0.0935
2003-01-05,0.0039,-0.0701,-0.1075
2003-01-06,0.0011,0.005,-0.0123
2003-01-07,-0.0124,-0.0414,-0.003
2003-01-08,0.0153,-0.0225,-0.0053
2003-01-09,0.0017,0.0101,-0.0007
2003-01-10,0.0197,-0.0135,0.0401
2003-01-11,0.0178,0.0019,0.0136
2003-01-12,0.016,0.0056,-0.0554
2004-01-01,0.0249,-0.0366,0.0256999999999999
2004-01-02,0.0088,0.0216,-0.0116999999999999
2004-01-03,0.0027,0.0156,0.0019
2004-01-04,-0.0306999999999999,0.0347,-0.0533999999999999
2004-01-05,-0.0025,-0.0118,0.0149
2004-01-06,0.0118,0.012,0.0208
2004-01-07,0.0324,0.0532,-0.0224
2004-01-08,0.0097,0.0123,-0.0155
2004-01-09,0.0,-0.0149,0.0548
2004-01-10,-0.0022,-0.0052,-0.0143
2004-01-11,0.0141,-0.0058,0.0308
2004-01-12,-0.0022,-0.0116,-0.0285
2005-01-01,0.0206,0.0274,0.0296
2005-01-02,0.0154,0.0143,0.0343
2005-01-03,0.0204,0.0046,0.0043
2005-01-04,0.0007,0.0097,-0.0068
2005-01-05,-0.0064,-0.01,0.0037
2005-01-06,0.0283,0.0096,0.0207
2005-01-07,-0.0079,-0.0118,0.0003
2005-01-08,0.0132,-0.0204999999999999,0.0207
2005-01-09,0.0070999999999999,0.0027,0.0346
2005-01-10,0.0042,-0.0093,-0.0118999999999999
2005-01-11,-0.0116,-0.0076,0.0034
2005-01-12,0.002,0.0022,0.0078
2006-01-01,0.0108,-0.0065,0.0252
2006-01-02,-0.0034,-0.0051,-0.0178
2006-01-03,0.006,0.0006,0.0126
2006-01-04,0.0233999999999999,0.018,0.006
2006-01-05,0.0241,0.0115,-0.0366
2006-01-06,0.0085,0.0132,0.0155
2006-01-07,0.026,0.0163,-0.0204
2006-01-08,-0.0206,-0.0186,-0.0336
2006-01-09,0.0008,0.0081999999999999,-0.0098
2006-01-10,-0.0031,-0.0012,-0.0025
2006-01-11,0.0014,0.0015,-0.0104
2006-01-12,0.0273,-0.0072,0.0079
2007-01-01,-0.0068,0.0026,0.0017
2007-01-02,-0.0014,-0.0051,-0.0129
2007-01-03,-0.0097,0.0064,0.0258
2007-01-04,-0.0144999999999999,0.0115,-0.0016
2007-01-05,-0.0065,0.0158,-0.0033
2007-01-06,-0.0105,0.0053,0.0052
2007-01-07,-0.0371,0.002,0.0283999999999999
2007-01-08,-0.0186,-0.0121,-0.0003
2007-01-09,-0.0220999999999999,-0.0052,0.0443
2007-01-10,-0.0298,-0.0029,0.0503
2007-01-11,-0.0093999999999999,0.0189,0.0112
2007-01-12,-0.0055,0.0087,0.0655999999999999
2008-01-01,0.0397,0.0215,-0.0774
2008-01-02,-0.0084,0.0087,0.0613
2008-01-03,0.003,0.0079,0.0425
2008-01-04,-0.0093999999999999,0.0163,-0.0033
2008-01-05,-0.0143,0.0093,0.0339
2008-01-06,-0.0271,0.0496,0.1271
2008-01-07,0.0542,-0.0136,-0.0501999999999999
2008-01-08,0.0159,0.0186,-0.0448
2008-01-09,0.0591,0.0242,0.0086
2008-01-10,-0.023,0.0304,0.0787
2008-01-11,-0.0630999999999999,0.0453,0.0728
2008-01-12,0.0014,0.0007,-0.0509
2009-01-01,-0.1128999999999999,0.0018,-0.0236
2009-01-02,-0.0695,0.012,0.0436
2009-01-03,0.0347,-0.0252,-0.1183
2009-01-04,0.0536,0.0131,-0.3434
2009-01-05,0.0028,-0.0078,-0.1253
2009-01-06,-0.0273,-0.0141,0.0545
2009-01-07,0.0483,-0.0046,-0.0554
2009-01-08,0.0762999999999999,-0.0302999999999999,-0.091
2009-01-09,0.0104,0.0131,-0.0487
2009-01-10,-0.0421,0.0417,0.0249
2009-01-11,-0.0034,0.01,0.0039
2009-01-12,-0.0016,0.0102,0.03
2010-01-01,0.0043,-0.0127,-0.0533
2010-01-02,0.0322,-0.0027,0.0369
2010-01-03,0.0220999999999999,-0.0065,0.0356999999999999
2010-01-04,0.0289,0.0069,0.0316
2010-01-05,-0.0243999999999999,0.013,-0.002
2010-01-06,-0.047,-0.0016,-0.027
2010-01-07,-0.0031,0.0024,0.0178
2010-01-08,-0.019,0.0053,0.0004
2010-01-09,-0.0316,-0.0021,0.0138
2010-01-10,-0.0242,0.0118999999999999,0.0146
2010-01-11,-0.0096,0.0046,0.0273
2010-01-12,0.0369,-0.0344,-0.03
2011-01-01,0.0081999999999999,-0.0076,-0.003
2011-01-02,0.0127,-0.0194,0.0187999999999999
2011-01-03,-0.0183,0.0176,0.0345
2011-01-04,-0.0243,0.0101,0.0005
2011-01-05,-0.0212,0.0208,-0.006
2011-01-06,-0.0042,0.0249,0.0182
2011-01-07,-0.0089,0.0268,0.002
2011-01-08,-0.0236,0.033,-0.0027
2011-01-09,-0.0173,0.0204,-0.024
2011-01-10,0.0011,-0.0216,-0.0139999999999999
2011-01-11,-0.0045,0.0186,0.0388
2011-01-12,0.0163,0.0098,0.0183
2012-01-01,-0.0097,-0.0200999999999999,-0.0801
2012-01-02,0.0043,-0.0048,-0.0026
2012-01-03,0.0113999999999999,-0.0054,0.0131
2012-01-04,-0.0078,0.013,0.0372
2012-01-05,-0.0107,0.0208,0.0644
2012-01-06,0.0062,-0.011,-0.011
2012-01-07,-0.0002,0.011,0.03
2012-01-08,0.013,-0.0133,-0.0235
2012-01-09,0.016,-0.0149,-0.0113
2012-01-10,0.0359,-0.0134,0.0005
2012-01-11,-0.0084,0.0060999999999999,0.0053
2012-01-12,0.0351,-0.0185,-0.0293
2013-01-01,0.0096,-0.0192999999999999,-0.0182
2013-01-02,0.0011,-0.0067,0.0123
2013-01-03,-0.0019,0.0013,0.0192
2013-01-04,0.0045,0.0027,0.0022
2013-01-05,0.0263,-0.0197,-0.0200999999999999
2013-01-06,0.0003,-0.0037,0.0043
2013-01-07,0.0056999999999999,-0.0135,0.0174
2013-01-08,-0.0269,0.0066,0.0004
2013-01-09,-0.0121999999999999,-0.0056999999999999,0.0302
2013-01-10,0.0125,0.0277,0.0002
2013-01-11,0.0032,0.0014,0.0039
2013-01-12,-0.0002,-0.0045,0.0002
2014-01-01,-0.0207,-0.0387,0.0161
2014-01-02,-0.0031,-0.0021,0.0213
2014-01-03,0.0493,0.0213,-0.0327
2014-01-04,0.0116999999999999,0.0347,-0.0382
2014-01-05,-0.0013,0.0006,0.0089
2014-01-06,-0.0069999999999999,-0.0187999999999999,0.0065
2014-01-07,0.0004,0.009,-0.0017
2014-01-08,-0.0045,-0.0064,0.0083
2014-01-09,-0.0135,0.0129,0.006
2014-01-10,-0.018,-0.0056,-0.0021
2014-01-11,-0.031,0.015,0.0069
2014-01-12,0.0227,-0.0121999999999999,0.0103
2015-01-01,-0.0359,0.0161,0.0374
2015-01-02,-0.0186,-0.0112,-0.031
2015-01-03,-0.0038,0.0009,0.027
2015-01-04,0.0182,0.0006,-0.0727
2015-01-05,-0.0115,-0.018,0.0567999999999999
2015-01-06,-0.0079,0.0044,0.0301
2015-01-07,-0.0412999999999999,0.003,0.0997
2015-01-08,0.0277,0.0068,-0.0216
2015-01-09,0.0056,0.0177,0.0524
2015-01-10,-0.0046,0.009,-0.0319
2015-01-11,-0.0042,-0.0274,0.0229
2015-01-12,-0.0260999999999999,0.005,0.0334
2016-01-01,0.0209,0.0281,0.016
2016-01-02,-0.0056999999999999,0.0325,-0.0435
2016-01-03,0.0118999999999999,0.0077,-0.0504
2016-01-04,0.0327999999999999,-0.0297,-0.0598
2016-01-05,-0.0166,-0.0109,0.0147
2016-01-06,-0.0148,0.0141,0.042
2016-01-07,-0.0132,0.0125,-0.0331
2016-01-08,0.0318,-0.0185,-0.0341
2016-01-09,-0.0124,-0.0220999999999999,0.0026
2016-01-10,0.0409,0.0093,0.0051
2016-01-11,0.0821,-0.0018,-0.0476999999999999
2016-01-12,0.0353,0.0121999999999999,-0.0027
2017-01-01,-0.0275,-0.005,-0.0093
2017-01-02,-0.0167,0.0046999999999999,-0.0151
2017-01-03,-0.0335,0.0060999999999999,-0.0097
2017-01-04,-0.0213,0.019,0.0048
2017-01-05,-0.0378,0.0095,0.015
2017-01-06,0.0148,-0.0222,-0.001
2017-01-07,-0.0031,-0.0067,0.0163
2017-01-08,-0.021,0.0015,0.0331
2017-01-09,0.0312,-0.015,-0.0135
2017-01-10,0.0019,0.0091,0.0421
2017-01-11,-0.0003,0.0319,-0.0093999999999999
2017-01-12,0.0006,0.0075,-0.0155
2018-01-01,-0.0128,-0.0075,0.0408
2018-01-02,-0.0104,0.0048,0.0368
2018-01-03,-0.002,-0.0042,-0.012
2018-01-04,0.0054,-0.0243999999999999,0.0045
2018-01-05,-0.0322,-0.0204999999999999,0.0391
2018-01-06,-0.0233,0.008,-0.0226
2018-01-07,0.0045,0.0155,-0.0143
2018-01-08,-0.04,-0.0031,0.053
2018-01-09,-0.0171,0.0063,-0.0008
2018-01-10,0.034,0.0095,-0.0206
2018-01-11,0.0028,-0.0055,-0.0139999999999999
2018-01-12,-0.0187999999999999,-0.0003,0.0176
2019-01-01,-0.0045,-0.0078,-0.0862
2019-01-02,-0.0271,0.0012,0.005
2019-01-03,-0.0412,0.0091,0.0224
2019-01-04,0.0216,0.0159,-0.0291
2019-01-05,-0.0237,-0.0046,0.0755
2019-01-06,-0.0069999999999999,0.009,-0.0224
2019-01-07,0.0046999999999999,-0.0007,0.0292
2019-01-08,-0.0479,0.0056,0.0751
2019-01-09,0.0677,0.0184,-0.0674
2019-01-10,-0.019,0.0043,0.0013
2019-01-11,-0.0199,-0.0163,-0.0254
2019-01-12,0.0178,-0.0002,-0.0222
2020-01-01,-0.0625,-0.012,0.0602
2020-01-02,-0.038,-0.0149,-0.0028
2020-01-03,-0.1388,-0.0156,0.0821
2020-01-04,-0.0134,0.0273,-0.0548
2020-01-05,-0.0484999999999999,0.0093,0.0016
2020-01-06,-0.0223,0.0013,-0.0083
2020-01-07,-0.0144,0.004,0.0771
2020-01-08,-0.0288,0.0433,0.0046
2020-01-09,-0.0265,-0.0128,0.0319
2020-01-10,0.0431,-0.0076,-0.0314
2020-01-11,0.0215,-0.0222,-0.1255
2020-01-12,-0.0134,-0.0187999999999999,-0.0237
2021-01-01,0.0285,-0.0392,0.0431
2021-01-02,0.071,0.0039,-0.079
2021-01-03,0.0727,0.0634,-0.0611
2021-01-04,-0.0095,0.0247,0.0123
2021-01-05,0.0713,0.024,0.0056
2021-01-06,-0.0775,-0.0204,0.0207
2021-01-07,-0.0181,0.0548,-0.0218
2021-01-08,-0.001,-0.0022,0.0263
2021-01-09,0.051,-0.0195,0.0139
2021-01-10,-0.0045,0.0172,0.0332
2021-01-11,-0.0040999999999999,0.0727,0.0096
2021-01-12,0.0322,0.0483,-0.0239
2022-01-01,0.128,0.0084,-0.0242
2022-01-02,0.031,-0.021,0.0166
2022-01-03,-0.0176,-0.015,0.0294
2022-01-04,0.0617,0.0347,0.05
2022-01-05,0.0859,0.017,0.0254
2022-01-06,-0.061,0.0174,0.0109
2022-01-07,-0.0403,0.0085,-0.0436
2022-01-08,0.0029,-0.0479,0.0185
2022-01-09,0.0002,-0.0146,0.0366999999999999
2022-01-10,0.0806,0.0331,0.039
2022-01-11,0.0141,0.0632,-0.017
2022-01-12,0.0134,0.0027,0.0491
2023-01-01,-0.04,-0.0242,-0.1617
2023-01-02,-0.0083,0.0103,0.0055
2023-01-03,-0.0886999999999999,0.0233,-0.0235
2023-01-04,-0.0005,0.0242,0.0176
2023-01-05,-0.0774,-0.0182,-0.0088
2023-01-06,-0.002,0.0227,-0.0269
2023-01-07,0.0411,-0.0056999999999999,-0.0406
2023-01-08,-0.0108,0.0342,0.0378
2023-01-09,0.0144999999999999,0.0185,0.0033
2023-01-10,0.0019,0.0247,0.0167
2023-01-11,0.0166,-0.0381,0.0256
2023-01-12,0.0492,-0.0304,-0.0553
2024-01-01,-0.0247,0.0066,0.0542
2024-01-02,-0.0352,-0.0197999999999999,0.049
2024-01-03,0.0421999999999999,0.0147,-0.0032
2024-01-04,-0.0052,0.0148,-0.0043
2024-01-05,-0.0167,0.0297,-0.0016
2024-01-06,-0.0331,0.0051,0.0085
2024-01-07,0.0574,0.0022,-0.0235
2024-01-08,-0.0113,0.0085,0.0481
2024-01-09,-0.0259,0.0004,-0.0062
2024-01-10,0.0089,-0.0138,0.03
2024-01-11,-0.0005,-0.0262,0.01
2024-01-12,-0.0295,0.0182,-0.003
